Round	Count	Attacker HP	Attacker TUV	Attacker Expected Hits	Attacker Actual Hits	Defender HP	Defender TUV	Defender Expected Hits	Defender Actual Hits
0	1000	70.0	270.0	10.0	0.0	20.0	120.0	10.0	0.0
1	1000	59.849	239.547	10.0	9.989	10.011	60.066	10.0	10.151
2	1000	54.862	224.586	10.0	9.931	1.341	8.046	5.0055	4.987
3	444	52.513513513513516	217.54054054054055	10.0	10.018018018018019	0.018018018018018018	0.10810810810810811	1.510135135135135	1.5472972972972974
4	4	49.75	209.25	10.0	9.25	0.0	0.0	1.0	1.0
